,N/A (Born in the US),Before 1950,1950 - 1959,1960 - 1969,1970 - 1979,1980 - 1989,1990 - 1999,2000 - 2009,2010 or later
-> Suppressed for data year 2018 for select PUMAs,,,,,,,,,
us_citizen,26073,0,9556,14850,41696,50861,65462,31678,20755
not_us_citizen,,,0,,14369,15476,89441,35326,20192
-> Alsatian,,,,,,,,,
us_citizen,34742,,4706,44200,0,,,17700,
not_us_citizen,,,,,,14000,,,
-> Austrian,,,,,,,,,
us_citizen,39024,4304,13497,32399,58398,69451,68934,75762,6331
not_us_citizen,,0,9864,15927,34565,62969,92333,93090,62858
-> Basque,,,,,,,,,
us_citizen,36970,0,9580,23328,50342,93841,66427,37218,40098
not_us_citizen,,,0,20342,26056,66326,37446,97740,27196
-> Belgian,,,,,,,,,
us_citizen,34238,1890,11685,25825,67236,82630,70450,74303,35487
not_us_citizen,,0,16226,17870,55789,70594,101056,89972,48655
-> Flemish,,,,,,,,,
us_citizen,38246,0,59721,16020,42698,115682,104370,9833,-10001
not_us_citizen,,,,24442,0,48800,54467,73631,58407
-> British,,,,,,,,,
us_citizen,35362,4829,18263,37084,45956,66415,82394,80027,35141
not_us_citizen,,27,6620,19827,33402,67124,72339,89322,63311
-> British Isles,,,,,,,,,
us_citizen,32315,61828,33451,49679,60758,34602,55793,19949,-10001
not_us_citizen,,,,33318,18214,160000,42775,46836,40600
-> Danish,,,,,,,,,
us_citizen,30931,2170,20587,41276,60691,70988,60368,70634,24376
not_us_citizen,,2103,7211,10506,66071,65272,98427,83722,44145
-> Dutch,,,,,,,,,
us_citizen,28391,2697,18668,32829,49158,65789,70972,55630,20425
not_us_citizen,,14950,11451,23292,25848,52980,75973,81583,56604
-> English,,,,,,,,,
us_citizen,28025,6967,27531,42378,55041,67011,72458,55933,17111
not_us_citizen,,872,11130,19643,32205,58579,73612,72344,54103
-> Finnish,,,,,,,,,
us_citizen,28285,9246,32889,34143,48762,69329,69559,50388,7056
not_us_citizen,,0,1150,21988,16832,64881,87147,63854,44591
-> French,,,,,,,,,
us_citizen,26278,4307,22133,31062,46012,62090,69732,56624,26603
not_us_citizen,,8195,3836,17188,27186,50670,64621,75407,58170
-> German,,,,,,,,,
us_citizen,28863,5540,18795,33191,50801,53048,49470,39724,11293
not_us_citizen,,4255,6512,13036,24259,42353,60103,64721,46291
-> Prussian,,,,,,,,,
us_citizen,35824,0,23418,38000,38226,22826,37701,9191,-10001
not_us_citizen,,,,0,,,,0,0
-> Greek,,,,,,,,,
us_citizen,34851,5297,15381,26246,42569,74473,69063,60843,20212
not_us_citizen,,0,7064,16295,23148,34838,47082,81495,38556
-> Icelander,,,,,,,,,
us_citizen,33968,0,22676,31933,47848,66632,46229,35995,21654
not_us_citizen,,,28935,4881,10350,67072,90470,43877,40576
-> Irish,,,,,,,,,
us_citizen,30073,7772,23753,41996,57642,62717,64777,49741,8560
not_us_citizen,,8780,8203,13638,36665,64060,75897,77585,61500
-> Italian,,,,,,,,,
us_citizen,33183,1740,15846,30676,42269,57946,58239,49323,21034
not_us_citizen,,738,9368,15974,25017,38903,51517,55202,42194
-> Sicilian,,,,,,,,,
us_citizen,30110,1693,14056,31548,47897,23370,62036,18843,49944
not_us_citizen,,,6720,2279,18418,30530,13056,84677,9860
-> Luxembourger,,,,,,,,,
us_citizen,35771,0,55556,25675,12488,58753,41500,62308,5000
not_us_citizen,,0,,,40000,209000,180000,115000,38153
-> Maltese,,,,,,,,,
us_citizen,39907,199,11918,44998,28684,78493,34610,21538,-7779
not_us_citizen,,,-1496,8713,1269,21473,9631,125478,55940
-> Norwegian,,,,,,,,,
us_citizen,30903,7025,24904,44091,56567,82702,61041,30330,290
not_us_citizen,,14462,10037,19909,48927,92348,83463,85710,40669
-> Portuguese,,,,,,,,,
us_citizen,28057,8816,16155,26568,35180,43656,49722,44357,35467
not_us_citizen,,0,1623,18020,21692,35225,34583,41187,31110
-> Scotch Irish,,,,,,,,,
us_citizen,27149,9541,28757,53936,54058,49817,51341,22729,14513
not_us_citizen,,0,9558,17210,53181,36947,55080,74826,38264
-> Scottish,,,,,,,,,
us_citizen,33969,8520,26864,40442,60363,63430,70083,58891,17242
not_us_citizen,,0,8218,20006,35606,45783,77114,93641,61147
-> Swedish,,,,,,,,,
us_citizen,30541,5476,33587,43987,56727,66158,64651,51870,21146
not_us_citizen,,7815,2280,17806,62697,51615,71647,59935,50070
-> Swiss,,,,,,,,,
us_citizen,31169,4063,25438,37929,55212,67371,73364,45422,7663
not_us_citizen,,905,10010,20552,41076,36038,94349,80435,50722
-> Irish Scotch,,,,,,,,,
us_citizen,28392,3569,26073,51459,62212,63841,57896,51347,11
not_us_citizen,,0,16631,12803,30799,89931,92831,85464,35397
-> Welsh,,,,,,,,,
us_citizen,33181,6870,38083,44995,47046,57394,60926,33591,14026
not_us_citizen,,0,7734,22266,37319,55411,57153,55646,56872
-> Scandinavian,,,,,,,,,
us_citizen,32478,3445,18994,44743,72777,59632,46529,35274,47973
not_us_citizen,,,0,8453,5105,67416,76835,51794,58132
-> Celtic,,,,,,,,,
us_citizen,26105,10667,5650,27733,67292,46552,126657,57273,0
not_us_citizen,,,,311839,39626,128267,63209,30500,54623
-> Albanian,,,,,,,,,
us_citizen,12150,225,8740,23015,42623,46099,43199,31692,20276
not_us_citizen,,0,0,3812,11669,34503,22958,24086,13157
-> Belorussian,,,,,,,,,
us_citizen,30513,3106,15319,40763,48425,74603,57544,46122,43326
not_us_citizen,,,41892,,8679,22488,34927,36214,33300
-> Bulgarian,,,,,,,,,
us_citizen,13154,5843,4140,18276,35407,44171,59791,41394,21968
not_us_citizen,,,0,5326,8226,60000,46088,51795,25490
-> Croatian,,,,,,,,,
us_citizen,36021,6399,7650,30172,46250,45993,60044,36855,22220
not_us_citizen,,,14608,4322,14082,67503,52111,81230,52222
-> Czech,,,,,,,,,
us_citizen,33656,3302,18179,25019,44143,52472,80743,32951,17227
not_us_citizen,,125000,0,0,73641,32637,48388,53144,33461
-> Bohemian,,,,,,,,,
us_citizen,27360,0,33220,35000,31779,34479,48544,17375,5752
not_us_citizen,,,,,8875,,15244,34970,15044
-> Czechoslovakian,,,,,,,,,
us_citizen,32936,3279,19641,34886,52569,48537,64410,15302,34896
not_us_citizen,,,0,4111,47852,9613,58372,44285,92912
-> Estonian,,,,,,,,,
us_citizen,36625,6981,9676,20278,52076,52845,67481,56851,-8164
not_us_citizen,,0,0,64193,0,21447,35017,36775,30721
-> German Russian,,,,,,,,,
us_citizen,18897,0,0,8488,36761,46702,29444,9191,-7101
not_us_citizen,,,,,,28000,16800,39314,
-> Rom,,,,,,,,,
us_citizen,19475,,0,0,50000,31717,24103,1845,902
not_us_citizen,,,,0,,1643,35240,34109,16906
-> Hungarian,,,,,,,,,
us_citizen,31914,11032,18035,30819,45635,51073,66622,57421,12161
not_us_citizen,,0,10419,20526,31572,29815,57124,39290,33427
-> Latvian,,,,,,,,,
us_citizen,42569,6188,9826,19039,93980,50904,44828,35840,6965
not_us_citizen,,7844,3213,41223,36214,91783,45593,22611,19478
-> Lithuanian,,,,,,,,,
us_citizen,37258,4463,9105,30250,56808,80885,53796,33483,20937
not_us_citizen,,0,5549,6093,21517,86760,47358,35721,27540
-> Macedonian,,,,,,,,,
us_citizen,29999,0,8744,31390,25862,37613,47346,41337,23686
not_us_citizen,,,0,6753,17784,38143,81663,22068,28641
-> Montenegrin,,,,,,,,,
us_citizen,17607,,0,0,53552,35428,47106,24818,10483
not_us_citizen,,,15079,0,15463,34877,33733,34401,16566
-> Polish,,,,,,,,,
us_citizen,32009,14171,19391,33003,41522,48734,48939,40478,20922
not_us_citizen,,3270,9944,22447,20940,28451,33614,33839,35003
-> Romanian,,,,,,,,,
us_citizen,26931,9592,16914,31585,50737,47047,53313,47204,32263
not_us_citizen,,0,1946,1801,13680,30014,47874,48971,35236
-> Moldavian,,,,,,,,,
us_citizen,3255,,6121,0,21772,50393,44450,32028,22980
not_us_citizen,,,,0,,,28954,29759,23661
-> Russian,,,,,,,,,
us_citizen,41362,7535,14202,38524,58905,58341,51984,27112,19465
not_us_citizen,,0,12602,28801,19126,29838,39432,34553,26124
-> Serbian,,,,,,,,,
us_citizen,29908,18741,14906,26718,45376,62997,60784,46360,20725
not_us_citizen,,,2653,78865,11330,37813,56817,57306,35441
-> Slovak,,,,,,,,,
us_citizen,31597,8207,12587,41701,84990,43741,60959,39829,16620
not_us_citizen,,,0,410,85084,19914,34825,50548,38841
-> Slovene,,,,,,,,,
us_citizen,35477,14062,1544,33849,52699,38697,71472,69906,41139
not_us_citizen,,,7548,0,32772,120358,86152,83826,40651
-> Turkestani,,,,,,,,,
us_citizen,-3428,,0,0,66818,98167,38340,11832,18697
not_us_citizen,,,,100000,40000,31452,23641,42777,15579
-> Uzbeg,,,,,,,,,
us_citizen,-5591,,35351,1454,53511,36417,39032,32332,13713
not_us_citizen,,,,,,15838,26910,25113,11707
-> Georgia CIS,,,,,,,,,
us_citizen,9108,0,0,6117,142051,69232,45673,35245,8455
not_us_citizen,,,,,20915,31700,40680,28052,21733
-> Ukrainian,,,,,,,,,
us_citizen,32943,7802,20941,30797,47798,49344,45513,32107,21815
not_us_citizen,,11472,11929,32615,55924,28848,33876,31805,23164
-> Yugoslavian,,,,,,,,,
us_citizen,28671,0,4964,19811,29349,33252,42428,52453,35582
not_us_citizen,,0,2855,13047,7204,13092,46564,13883,28714
-> Bosnian and Herzegovinian,,,,,,,,,
us_citizen,-3695,0,36785,20198,69190,40346,36202,33182,20560
not_us_citizen,,,0,,0,18974,27444,24159,19642
-> Slavic,,,,,,,,,
us_citizen,30566,0,24701,40539,48475,78754,42838,36999,4614
not_us_citizen,,,30316,45918,306000,45000,25207,36865,14724
-> Slavonian,,,,,,,,,
us_citizen,30408,0,11000,,0,52000,,15803,80000
not_us_citizen,,,,,,,,,
-> Central European,,,,,,,,,
us_citizen,41042,0,57812,48599,57600,31614,20384,18970,10222
not_us_citizen,,,0,60000,0,50000,124127,33359,26194
-> Northern European,,,,,,,,,
us_citizen,40549,2624,98294,69471,97779,78491,71905,29109,-327
not_us_citizen,,,0,3176,13455,137871,139253,83077,87786
-> Southern European,,,,,,,,,
us_citizen,35485,166408,8306,97018,53160,110535,117011,30948,22098
not_us_citizen,,,,,,19200,21450,64516,42116
-> Western European,,,,,,,,,
us_citizen,38381,2256,38738,64582,61061,59109,64215,29219,3170
not_us_citizen,,0,8947,15586,45735,60021,68224,63191,20129
-> Eastern European,,,,,,,,,
us_citizen,56110,31427,39110,70334,92917,111432,89708,35054,28386
not_us_citizen,,0,221,56745,94586,63872,71070,76369,63274
-> Germanic,,,,,,,,,
us_citizen,31772,0,13904,49059,46468,27993,53682,35796,49210
not_us_citizen,,,0,500,0,14411,70767,87550,16678
-> European,,,,,,,,,
us_citizen,33116,29108,40836,47605,66376,63715,59529,33324,7400
not_us_citizen,,0,23754,32250,49106,61894,66018,64190,50223
-> Spaniard,,,,,,,,,
us_citizen,21349,2059,13356,24639,29765,37670,43187,37825,17828
not_us_citizen,,0,539,24718,21285,28869,32076,31036,26914
-> Mexican,,,,,,,,,
us_citizen,9490,2559,10722,17591,26580,31573,29647,24463,13235
not_us_citizen,,1046,5530,11071,17191,21921,20819,16896,14015
-> Mexican American,,,,,,,,,
us_citizen,7469,2387,9878,18484,27031,30559,27757,18637,10498
not_us_citizen,,308,15005,19615,16411,20752,21571,15462,10039
-> Mexicano,,,,,,,,,
us_citizen,-957,237,3643,9404,18317,26717,23318,17920,9780
not_us_citizen,,0,8557,8932,14442,22103,19307,15668,12775
-> Chicano,,,,,,,,,
us_citizen,12799,,78000,55370,25912,23224,,,36683
not_us_citizen,,,,,57000,55294,,-3836,25333
-> Mexican American Indian,,,,,,,,,
us_citizen,13909,1706,11228,22365,31548,32594,43565,12482,-1052
not_us_citizen,,,0,25445,15100,23028,22199,18087,13713
-> Mexican State,,,,,,,,,
us_citizen,8859,1056,9038,15728,24177,29331,28544,23699,10271
not_us_citizen,,0,3450,9760,16257,23486,21142,17029,13878
-> Mexican Indian,,,,,,,,,
us_citizen,11967,0,26709,8735,27315,42551,24012,38579,30112
not_us_citizen,,,,3301,26621,20364,24728,14461,13754
-> Costa Rican,,,,,,,,,
us_citizen,14800,0,9169,26498,32204,35276,38749,32147,15157
not_us_citizen,,,0,8693,27051,24593,30407,20066,19115
-> Guatemalan,,,,,,,,,
us_citizen,613,0,24102,18932,23152,32219,31026,11867,8996
not_us_citizen,,,296,13594,16481,22471,21692,18183,11582
-> Honduran,,,,,,,,,
us_citizen,-336,0,2614,22124,26593,29035,28946,28251,12714
not_us_citizen,,5200,0,21305,20634,21777,24041,19010,7747
-> Nicaraguan,,,,,,,,,
us_citizen,10165,1305,7907,13850,35829,33762,30037,25351,16724
not_us_citizen,,15392,3164,16281,22388,29444,21998,19486,12741
-> Panamanian,,,,,,,,,
us_citizen,17151,208,13319,22048,33852,40399,34551,25818,12163
not_us_citizen,,,8478,13556,29750,23631,21940,23402,11656
-> Salvadoran,,,,,,,,,
us_citizen,3060,3838,6103,14624,24686,32020,32046,25274,12903
not_us_citizen,,9906,4058,18799,17857,22835,25692,19414,9757
-> Central American,,,,,,,,,
us_citizen,13947,0,7159,20512,28407,36577,36286,13104,13408
not_us_citizen,,,,2244,17440,24825,20127,15990,6405
-> Argentinean,,,,,,,,,
us_citizen,19711,0,27734,34833,42290,48334,59544,44596,22041
not_us_citizen,,0,0,13433,14264,31833,31015,29602,33712
-> Bolivian,,,,,,,,,
us_citizen,11942,0,36053,32506,39516,48368,36780,32435,10867
not_us_citizen,,,10488,6750,32867,32484,25651,27070,15206
-> Chilean,,,,,,,,,
us_citizen,18425,0,16623,20680,38933,41780,39060,32836,15441
not_us_citizen,,0,294,7699,37374,34440,31736,29385,22018
-> Colombian,,,,,,,,,
us_citizen,14561,12717,8674,28185,31159,37227,39387,32245,17294
not_us_citizen,,0,1589,12481,14060,20560,24563,25313,14297
-> Ecuadorian,,,,,,,,,
us_citizen,8413,2571,15154,23281,27200,34254,34996,25991,14928
not_us_citizen,,0,3068,13821,19673,24911,26514,23793,15711
-> Paraguayan,,,,,,,,,
us_citizen,11241,,0,12138,22643,43689,24395,27884,4752
not_us_citizen,,,,81703,53592,30294,28863,38946,17283
-> Peruvian,,,,,,,,,
us_citizen,9686,0,9904,17011,36960,35655,40700,28573,13342
not_us_citizen,,0,2819,14729,18361,27977,26565,24318,13056
-> Uruguayan,,,,,,,,,
us_citizen,13030,40000,11586,41912,25647,37145,43553,32817,11541
not_us_citizen,,,,8657,11931,25947,33028,25615,28299
-> Venezuelan,,,,,,,,,
us_citizen,6579,9590,17658,20978,54903,52586,44204,37143,20208
not_us_citizen,,,,5906,26993,21168,28466,26138,13909
-> South American,,,,,,,,,
us_citizen,21015,,19525,29986,37861,55434,33195,25501,31002
not_us_citizen,,,0,55588,33679,34982,36660,26255,17466
-> Latin American,,,,,,,,,
us_citizen,6851,1905,4266,24405,28719,38137,29410,27024,9568
not_us_citizen,,,,0,0,27776,47055,31288,16008
-> Latin,,,,,,,,,
us_citizen,14294,10319,18273,23156,28879,35601,36856,29359,13604
not_us_citizen,,,,6749,25830,18911,24203,21023,17798
-> Latino,,,,,,,,,
us_citizen,11436,5790,14247,20643,31812,35591,36368,24713,11141
not_us_citizen,,,10483,21282,19327,22664,23226,21122,12322
-> Puerto Rican,,,,,,,,,
us_citizen,15462,2003,8588,14378,23151,29031,25728,18000,10867
not_us_citizen,,,0,30360,25356,43456,17424,26207,12671
-> Cuban,,,,,,,,,
us_citizen,21003,4759,11413,31306,28945,25587,27290,22878,16019
not_us_citizen,,0,3037,17267,14546,15090,20590,18765,13964
-> Dominican,,,,,,,,,
us_citizen,7664,7255,3689,15809,24222,28555,28795,21688,10833
not_us_citizen,,0,2765,12633,15913,19468,18402,16109,10579
-> Hispanic,,,,,,,,,
us_citizen,12130,2380,12164,22920,27476,33756,31727,25348,12270
not_us_citizen,,2262,8766,15281,18632,23666,21697,17776,12598
-> Spanish,,,,,,,,,
us_citizen,19379,7728,15585,30850,34920,42162,38711,31043,14889
not_us_citizen,,10275,5575,14268,21771,24870,25288,23850,23537
-> Spanish American,,,,,,,,,
us_citizen,13915,0,20186,39869,48798,31072,31804,16085,16730
not_us_citizen,,,,0,0,0,19332,21948,63230
-> Bahamian,,,,,,,,,
us_citizen,15339,0,5883,14131,32787,32178,56436,28855,25150
not_us_citizen,,,,5202,17000,26774,23841,23833,8774
-> Barbadian,,,,,,,,,
us_citizen,21566,0,11387,8531,35793,40200,53292,56774,25377
not_us_citizen,,,0,15357,25005,32476,33239,30247,31300
-> Belizean,,,,,,,,,
us_citizen,12875,0,9976,13356,34128,39072,44667,36008,13413
not_us_citizen,,,60000,7505,20360,33262,26278,18406,15312
-> Jamaican,,,,,,,,,
us_citizen,12295,4041,6397,18791,35063,43072,38475,32420,21226
not_us_citizen,,1123,4392,14196,24435,28111,27206,25023,14002
-> Dutch West Indian,,,,,,,,,
us_citizen,19593,,0,15692,62785,32467,40254,82854,1140
not_us_citizen,,,0,,59214,99421,29032,11596,13420
-> Trinidadian Tobagonian,,,,,,,,,
us_citizen,13604,4007,5298,23582,33681,40394,41451,43140,24426
not_us_citizen,,,0,10910,26823,30459,27290,29248,19578
-> British West Indian,,,,,,,,,
us_citizen,20864,741,0,17321,28115,34756,55136,26702,22558
not_us_citizen,,,0,10272,22014,21942,36093,31539,11906
-> Antigua and Barbuda,,,,,,,,,
us_citizen,14657,,0,16845,24203,45335,45808,34123,26731
not_us_citizen,,,,4457,17900,29066,30842,32018,19983
-> Grenadian,,,,,,,,,
us_citizen,18069,0,2202,18409,34577,45323,52176,28175,48389
not_us_citizen,,,10465,0,22199,29016,22985,22925,18759
-> Vincent-Grenadine Islander,,,,,,,,,
us_citizen,10160,,31912,35856,26882,42186,41802,32232,25729
not_us_citizen,,,,,27353,12572,20842,24540,11520
-> St Lucia Islander,,,,,,,,,
us_citizen,12474,0,,13631,23880,45917,42516,34122,19908
not_us_citizen,,,,,69766,20002,30941,21342,18943
-> West Indian,,,,,,,,,
us_citizen,17826,0,9407,21579,37818,41216,40144,30416,18546
not_us_citizen,,0,39900,9397,25024,31423,27240,26835,18583
-> Haitian,,,,,,,,,
us_citizen,7315,0,4529,22213,29179,33929,33615,24034,11334
not_us_citizen,,3631,4297,6915,15611,21069,22606,17782,9450
-> Other West Indian,,,,,,,,,
us_citizen,23282,17085,898,22490,28366,43831,47145,23605,11071
not_us_citizen,,,1893,22577,27964,30081,39664,16662,13981
-> Brazilian,,,,,,,,,
us_citizen,4597,0,9557,29792,39711,39770,48535,37006,18209
not_us_citizen,,0,4602,26220,10349,31769,30804,31300,19771
-> Guyanese,,,,,,,,,
us_citizen,11777,7040,2412,16827,34190,36656,35240,31971,25012
not_us_citizen,,0,3000,15158,19680,26527,25738,22275,13392
-> Algerian,,,,,,,,,
us_citizen,2037,,0,5800,75863,89260,49702,36418,20536
not_us_citizen,,,0,0,20000,59274,43756,33781,22177
-> Egyptian,,,,,,,,,
us_citizen,15364,1860,11038,61260,51762,64479,63068,32489,13388
not_us_citizen,,,0,2697,30725,23287,26828,24258,14771
-> Libyan (2017 or later),,,,,,,,,
us_citizen,20505,,30526,,43061,38436,34536,46188,2182
not_us_citizen,,,,,,,32000,9658,5250
-> Moroccan,,,,,,,,,
us_citizen,5853,561,26569,51101,78219,66871,44350,33509,15314
not_us_citizen,,0,0,,4104,21114,26109,29935,18015
-> North African,,,,,,,,,
us_citizen,10057,,138462,35038,30364,84296,69981,43694,10993
not_us_citizen,,,,,,11002,29015,50816,21724
-> Iranian,,,,,,,,,
us_citizen,26875,34977,22018,43054,77234,68750,61435,40788,24698
not_us_citizen,,0,0,7574,34768,34875,40904,51694,22695
-> Iraqi,,,,,,,,,
us_citizen,10374,268,6829,20475,43060,58860,29936,19057,15264
not_us_citizen,,0,0,2168,10827,0,27064,9871,8590
-> Israeli,,,,,,,,,
us_citizen,23077,235,38091,52472,64140,71210,78484,60447,29388
not_us_citizen,,,,4395,51019,39308,63689,55382,37499
-> Jordanian,,,,,,,,,
us_citizen,7099,898,20679,47526,34671,60372,41888,29846,11088
not_us_citizen,,,,,44390,27907,27197,33674,14367
-> Kuwaiti (2017 or later),,,,,,,,,
us_citizen,-2335,,,60000,1800,305000,40498,15426,40000
not_us_citizen,,,,,0,,153280,12145,-336
-> Lebanese,,,,,,,,,
us_citizen,33407,8296,32058,45205,58648,76266,54029,43382,23913
not_us_citizen,,130000,0,1040,25204,51535,38463,52713,31615
-> Saudi Arabian,,,,,,,,,
us_citizen,2564,,,,180468,51954,20504,11476,6210
not_us_citizen,,,,0,,0,20124,29264,2222
-> Syrian,,,,,,,,,
us_citizen,27508,25099,27015,37965,44673,67455,77958,31430,21598
not_us_citizen,,0,0,4200,3885,13499,32759,62053,7146
-> Armenian,,,,,,,,,
us_citizen,29442,3107,16371,38762,46419,44719,37474,25415,21836
not_us_citizen,,0,12832,15863,24530,28632,28311,25006,13298
-> Turkish,,,,,,,,,
us_citizen,18223,0,56948,38778,55239,75603,71422,44383,22762
not_us_citizen,,0,0,31182,46876,44427,52890,43698,24310
-> Yemeni,,,,,,,,,
us_citizen,-3772,0,0,13647,18929,27296,21111,13498,-1742
not_us_citizen,,,,0,0,4225,10976,10354,6074
-> Kurdish,,,,,,,,,
us_citizen,-563,,4078,15634,46569,44495,28882,41630,9610
not_us_citizen,,,,,112043,0,11376,35127,14089
-> Palestinian,,,,,,,,,
us_citizen,18394,15932,15881,32568,42778,54761,38697,37073,1294
not_us_citizen,,,114000,0,6560,22213,27445,25430,11308
-> Assyrian,,,,,,,,,
us_citizen,25589,1314,207,13875,55945,36166,34285,18416,13376
not_us_citizen,,,,,20423,51387,18310,19896,19881
-> Chaldean,,,,,,,,,
us_citizen,11750,175610,4800,18124,38327,44815,26141,9498,6908
not_us_citizen,,,0,270,0,27637,7616,16644,5224
-> Mideast,,,,,,,,,
us_citizen,20093,0,8687,57407,68713,62028,60668,37925,13789
not_us_citizen,,,0,2377,29905,91448,42991,45061,16082
-> Arab,,,,,,,,,
us_citizen,9174,30714,2625,31459,44792,47951,42431,28281,7439
not_us_citizen,,0,,0,98250,30100,33158,24661,6383
-> Arabic,,,,,,,,,
us_citizen,7461,0,4406,33298,42773,46145,38301,19126,4099
not_us_citizen,,,0,11616,10988,30335,24143,18080,6121
-> Other Arab,,,,,,,,,
us_citizen,7503,,0,285162,37920,61162,51413,46595,7858
not_us_citizen,,,,0,8842,76295,16496,42138,13158
-> Cameroonian,,,,,,,,,
us_citizen,3313,,57800,,60794,73308,61808,41101,19037
not_us_citizen,,,,,11027,47943,45542,34183,13971
-> Cape Verdean,,,,,,,,,
us_citizen,14748,0,1924,17293,34524,29062,29541,26499,15957
not_us_citizen,,,,0,15563,21207,24787,21551,10386
-> Congolese,,,,,,,,,
us_citizen,38,,,,28631,37139,40855,25269,11876
not_us_citizen,,,,,2367,17509,20996,15556,6703
-> Ethiopian,,,,,,,,,
us_citizen,-2122,0,0,21391,48073,44670,41420,26298,8699
not_us_citizen,,,150000,2800,38705,27071,32577,21439,12681
-> Eritrean,,,,,,,,,
us_citizen,3414,,35000,90918,53313,42711,41752,20373,14944
not_us_citizen,,,,10500,39619,16437,40987,29842,9733
-> Gambian (2017 or later),,,,,,,,,
us_citizen,1511,,,0,19202,37602,59170,47712,1523
not_us_citizen,,,,,,10593,19218,26905,15927
-> Ghanaian,,,,,,,,,
us_citizen,7026,,25939,49603,45960,59538,53686,36279,18614
not_us_citizen,,,0,33543,21520,31495,41249,30686,16576
-> Guinean (2017 or later),,,,,,,,,
us_citizen,-7240,,,,,36678,35943,30583,3434
not_us_citizen,,,,15000,,0,19400,20415,8021
-> Kenyan,,,,,,,,,
us_citizen,-1273,,,0,31967,74911,58861,37041,14301
not_us_citizen,,,,24128,27669,51726,51417,30765,14892
-> Liberian,,,,,,,,,
us_citizen,-1964,,0,2333,28989,39870,37762,25080,19842
not_us_citizen,,,,2000,17146,22960,29361,19314,13559
-> Nigerian,,,,,,,,,
us_citizen,10273,,9438,27763,50352,67944,64296,45505,24001
not_us_citizen,,,230371,59000,39264,46126,46812,30655,14464
-> Senegalese,,,,,,,,,
us_citizen,-1503,,,,17429,38029,65648,45829,11803
not_us_citizen,,,,1700,57535,24179,25924,30389,14343
-> Sierra Leonean,,,,,,,,,
us_citizen,14174,,0,8397,23602,42937,45619,38614,13976
not_us_citizen,,,,,40875,39283,32104,29981,11471
-> Somali,,,,,,,,,
us_citizen,-7154,0,,0,36530,44232,25959,13930,6299
not_us_citizen,,,39675,,10000,14946,20201,11080,4681
-> South African,,,,,,,,,
us_citizen,15899,0,29496,36686,58343,82624,79310,64979,39253
not_us_citizen,,,,,29699,102170,50445,44230,43790
-> Sudanese,,,,,,,,,
us_citizen,-4267,,,3873,68522,49330,34878,19710,4164
not_us_citizen,,,,,0,19152,24080,17816,8024
-> Togo (2017 or later),,,,,,,,,
us_citizen,-3277,,,,,0,72794,42130,21490
not_us_citizen,,,,,,28500,45719,19568,6186
-> Other Subsaharan African,,,,,,,,,
us_citizen,2963,,,28335,33859,43491,53278,31062,13482
not_us_citizen,,,0,0,41348,34068,38552,26047,10939
-> Ugandan,,,,,,,,,
us_citizen,4580,,,0,15560,45787,57631,36200,7190
not_us_citizen,,,,,0,24947,51819,48387,17362
-> Zimbabwean (2017 or later),,,,,,,,,
us_citizen,3805,,,0,0,82112,91987,30704,446
not_us_citizen,,,,,13700,0,73560,39905,18938
-> Western African,,,,,,,,,
us_citizen,18671,0,,75206,51400,37752,42708,35896,32275
not_us_citizen,,,,557,13720,36270,32839,30480,16855
-> African,,,,,,,,,
us_citizen,13636,0,21227,27975,41187,54340,46562,32208,16627
not_us_citizen,,0,48763,11693,22035,33568,34888,27022,13666
-> Afghan,,,,,,,,,
us_citizen,2968,0,28456,18902,46256,43500,33555,22428,11550
not_us_citizen,,,,0,32633,22015,16062,12923,6386
-> Bangladeshi,,,,,,,,,
us_citizen,-1864,0,60000,21772,39220,53841,44529,24237,18013
not_us_citizen,,,0,,5350,24672,26522,22622,13435
-> Bhutanese,,,,,,,,,
us_citizen,-9481,,,,,0,20713,16542,12028
not_us_citizen,,,,,,,10031,14760,11922
-> Nepali,,,,,,,,,
us_citizen,-7596,,,0,36984,69813,60939,33104,20189
not_us_citizen,,0,,7045,1612,51280,34621,37019,12557
-> Asian Indian,,,,,,,,,
us_citizen,15583,897,17593,45903,67412,79692,85474,61556,32268
not_us_citizen,,0,20499,23475,28191,50990,69043,76078,40312
-> Bengali,,,,,,,,,
us_citizen,4016,,,59692,58322,53310,36516,24317,10655
not_us_citizen,,,,0,75429,23770,13661,17448,12885
-> East Indian,,,,,,,,,
us_citizen,23170,0,7551,37573,56898,64685,58428,45174,21530
not_us_citizen,,,,12659,19201,32110,41141,62957,36118
-> Punjabi,,,,,,,,,
us_citizen,11430,,,70067,34349,52859,39516,32312,16063
not_us_citizen,,,,0,2424,26805,37201,39462,15338
-> Pakistani,,,,,,,,,
us_citizen,9213,0,20159,45590,58136,57357,57788,35097,14166
not_us_citizen,,,,73916,39827,26456,35804,35698,16487
-> Sri Lankan,,,,,,,,,
us_citizen,18464,,0,67743,72233,71493,66514,39334,27578
not_us_citizen,,,,0,107667,36185,41989,42202,25087
-> Burmese,,,,,,,,,
us_citizen,-5912,0,36358,17475,40662,44070,53935,21187,13855
not_us_citizen,,,,3000,97972,27039,24972,12756,8013
-> Cambodian,,,,,,,,,
us_citizen,9235,0,5767,9160,28089,31534,28878,24179,11363
not_us_citizen,,,14076,10000,18143,20491,18237,13569,7944
-> Chinese,,,,,,,,,
us_citizen,24170,4759,18691,32443,45083,54742,57396,31159,14862
not_us_citizen,,64,5521,25498,18054,28801,44607,42903,20228
-> Cantonese,,,,,,,,,
us_citizen,30832,0,1703,26334,38375,41381,38456,19578,23385
not_us_citizen,,0,,0,59179,3261,39699,23136,12918
-> Mongolian,,,,,,,,,
us_citizen,4855,,24476,0,2467,19490,53776,33455,31411
not_us_citizen,,,,20000,5331,30000,31503,24940,10940
-> Tibetan,,,,,,,,,
us_citizen,-554,,,18519,23916,34914,44616,26716,16395
not_us_citizen,,,,,,38267,22529,21083,8742
-> Hong Kong (2017 or later),,,,,,,,,
us_citizen,28611,,0,33812,70937,64557,51076,42815,36704
not_us_citizen,,,,,,43298,43353,55008,41242
-> Filipino,,,,,,,,,
us_citizen,18642,2765,10827,22255,33673,45333,44947,36584,18839
not_us_citizen,,1311,4803,14469,21449,28177,31216,29205,16672
-> Indonesian,,,,,,,,,
us_citizen,12076,,15565,29776,43598,49146,43100,35914,21437
not_us_citizen,,,0,11634,34164,35057,37798,27632,17642
-> Japanese,,,,,,,,,
us_citizen,30765,1038,21442,29619,37092,42558,43182,26855,4421
not_us_citizen,,0,16738,8527,21653,47821,46590,36844,37762
-> Okinawan,,,,,,,,,
us_citizen,26575,0,17724,15669,32202,20861,31399,126274,-7060
not_us_citizen,,,0,8696,8917,43765,22325,14213,6517
-> Korean,,,,,,,,,
us_citizen,21622,847,25999,28311,49408,46466,43318,29206,16053
not_us_citizen,,0,8725,5962,21357,25123,35031,32050,20917
-> Laotian,,,,,,,,,
us_citizen,8384,0,18148,6738,29898,33436,24826,25686,27145
not_us_citizen,,,,0,18454,22526,20460,17718,10917
-> Hmong,,,,,,,,,
us_citizen,6527,0,0,9626,32540,33076,23431,13779,23185
not_us_citizen,,,,0,23992,24620,24274,10152,11046
-> Malaysian,,,,,,,,,
us_citizen,12228,,12414,14554,20841,61341,75941,45955,35473
not_us_citizen,,,,3200,40161,30705,45940,60082,21817
-> Thai,,,,,,,,,
us_citizen,20385,0,10209,11980,24973,38779,38570,25409,11601
not_us_citizen,,0,0,9055,9799,30742,31894,20374,10809
-> Taiwanese,,,,,,,,,
us_citizen,36016,6261,13334,29092,51548,61677,60554,43417,12811
not_us_citizen,,0,,6266,22385,35924,34257,49319,27189
-> Vietnamese,,,,,,,,,
us_citizen,10600,0,11941,29102,47157,43913,33170,22687,14811
not_us_citizen,,0,1242,5120,21174,20470,20306,19723,10992
-> Eurasian (2016 or earlier),,,,,,,,,
us_citizen,16948,0,85882,58963,24718,14625,50933,15943,-4186
not_us_citizen,,,,,25000,0,17316,65512,-7180
-> Asian,,,,,,,,,
us_citizen,13043,26312,14615,26335,39929,49444,49014,35006,19732
not_us_citizen,,0,1956,25489,17943,25106,39347,41760,21801
-> Other Asian,,,,,,,,,
us_citizen,15007,0,36148,30587,31548,70123,41996,29905,12619
not_us_citizen,,,,,8634,63289,64299,52774,30150
-> Australian,,,,,,,,,
us_citizen,22937,2147,11382,25075,53122,89810,113286,62178,13415
not_us_citizen,,207,18000,8489,28428,46930,79931,76793,59109
-> New Zealander,,,,,,,,,
us_citizen,21425,0,17082,34678,39539,99094,120672,81903,26619
not_us_citizen,,,0,-55,32082,57596,65745,60355,67451
-> Polynesian,,,,,,,,,
us_citizen,15174,,19800,18035,28966,31209,52961,15989,12604
not_us_citizen,,,,,36030,19376,27599,30079,16023
-> Hawaiian,,,,,,,,,
us_citizen,19287,,34820,25200,43988,38451,22397,12277,7718
not_us_citizen,,,,,0,,,93617,8386
-> Samoan,,,,,,,,,
us_citizen,10795,31034,4897,13747,31855,31268,26718,20281,11352
not_us_citizen,,,0,8879,18165,22220,27351,23455,18402
-> Tongan,,,,,,,,,
us_citizen,8779,,7512,17769,24311,21616,31930,23436,9103
not_us_citizen,,,35000,3500,26853,23870,23728,19695,13169
-> Micronesian,,,,,,,,,
us_citizen,-3774,,0,32937,51508,28975,39181,15894,8784
not_us_citizen,,,,,6098,26575,23231,14003,11869
-> Guamanian,,,,,,,,,
us_citizen,17235,2281,9379,23179,39296,35020,28195,24571,9047
not_us_citizen,,,,0,,,6655,27770,15578
-> Chamorro,,,,,,,,,
us_citizen,18862,0,13853,27788,30977,40285,34750,27814,15125
not_us_citizen,,,,,,62000,,89000,0
-> Palauan (2017 or later),,,,,,,,,
us_citizen,7202,,,3448,24219,21854,27511,32025,19268
not_us_citizen,,,,9100,54014,44045,23189,24330,6375
-> Marshallese,,,,,,,,,
us_citizen,-5392,,,120,0,30304,17299,10390,2920
not_us_citizen,,,,0,0,15735,17069,13372,13740
-> Fijian,,,,,,,,,
us_citizen,8055,0,0,20004,66713,40019,43869,32988,29765
not_us_citizen,,,,,33855,24814,19353,32736,17365
-> Pacific Islander,,,,,,,,,
us_citizen,18204,0,21076,31717,41918,42838,28937,23113,13829
not_us_citizen,,,,44507,28143,29023,23267,16512,14884
-> Other Pacific,,,,,,,,,
us_citizen,6297,0,14000,18207,32723,63816,49016,17396,12169
not_us_citizen,,,44357,0,11648,11354,19182,17825,9397
-> Afro American,,,,,,,,,
us_citizen,12176,0,1838,12370,16396,36061,32564,14693,2994
not_us_citizen,,,,0,22201,51506,9733,67088,1284
-> Afro,,,,,,,,,
us_citizen,11998,0,26104,53461,46663,74904,52784,52953,9870
not_us_citizen,,,,31600,15503,42911,74773,38797,32899
-> African American,,,,,,,,,
us_citizen,14699,6647,27102,35211,46388,37215,32537,25641,11443
not_us_citizen,,0,22057,18011,26376,29826,25371,24810,13077
-> Black,,,,,,,,,
us_citizen,13853,0,19483,25168,35058,37785,42768,26571,9914
not_us_citizen,,15000,362,15426,21490,29306,28735,25716,12758
-> Negro,,,,,,,,,
us_citizen,13140,0,25000,39167,24837,24209,11237,41200,18286
not_us_citizen,,,,24733,0,,12500,11060,15960
-> Creole,,,,,,,,,
us_citizen,19171,,,18162,10830,46412,0,-6668,28506
not_us_citizen,,,,45000,0,7538,,2732,33884
-> Central American Indian,,,,,,,,,
us_citizen,5851,,25656,14738,23661,38324,28815,1839,-2030
not_us_citizen,,,,0,11480,19766,26093,16963,9354
-> South American Indian,,,,,,,,,
us_citizen,10963,0,0,33259,30621,44755,46090,19980,5924
not_us_citizen,,,0,80000,2947,15540,26270,18351,23512
-> Native American,,,,,,,,,
us_citizen,16716,7808,17160,33302,51039,30706,34696,21551,6395
not_us_citizen,,2057,0,30286,43921,32856,29791,17211,20462
-> Indian,,,,,,,,,
us_citizen,15388,0,8886,10846,26709,43761,41446,61285,14449
not_us_citizen,,0,,0,36400,14167,63340,13092,7988
-> Cherokee,,,,,,,,,
us_citizen,15768,85000,13409,34084,50174,26185,25337,-828,387
not_us_citizen,,,,,95000,0,,,
-> American Indian,,,,,,,,,
us_citizen,15284,1785,13859,40484,34201,35546,28711,13879,14870
not_us_citizen,,1280,45082,9475,10979,14282,27245,27055,15596
-> Aleut (2016 or earlier),,,,,,,,,
us_citizen,16654,,,,,,,,
not_us_citizen,,,,,,,,,
-> Eskimo,,,,,,,,,
us_citizen,10046,,,0,,34000,24396,,0
not_us_citizen,,,,,,35000,,32500,0
-> White,,,,,,,,,
us_citizen,20949,9903,30733,44780,57453,52235,43635,32711,10848
not_us_citizen,,0,6955,24041,22600,45164,52695,53929,39505
-> Anglo,,,,,,,,,
us_citizen,31571,6008,25938,35638,48413,85192,78668,24469,4427
not_us_citizen,,27000,19660,21595,45618,42322,58560,86463,60610
-> Appalachian,,,,,,,,,
us_citizen,26990,,0,,0,,,,37300
not_us_citizen,,,,,,,,0,
-> Pennsylvania German,,,,,,,,,
us_citizen,17630,,12039,31969,43953,18524,24045,7169,-10001
not_us_citizen,,,,0,10000,9158,42752,21046,15984
-> Canadian,,,,,,,,,
us_citizen,26440,5520,15081,30794,46730,68922,69987,58509,29943
not_us_citizen,,285,12513,23380,28668,49853,63127,62595,35422
-> French Canadian,,,,,,,,,
us_citizen,29528,2808,17692,30274,54173,66979,64399,55878,19935
not_us_citizen,,1555,9532,16465,27125,38413,57121,68613,37323
-> Acadian (2017 or later),,,,,,,,,
us_citizen,41092,,0,20500,65889,30000,,,
not_us_citizen,,,,30000,,0,,60600,3388
-> Cajun,,,,,,,,,
us_citizen,27321,,35733,27360,49231,30481,,0,
not_us_citizen,,,,,,,,300000,34000
-> American,,,,,,,,,
us_citizen,18875,5833,30783,49829,43635,39526,32640,15170,1750
not_us_citizen,,0,8085,29550,21183,17941,20774,21874,20981
-> United States,,,,,,,,,
us_citizen,19722,5130,28163,60071,54966,35918,52396,17378,3940
not_us_citizen,,0,128000,,36377,13865,17595,24510,15932
-> New Mexico (2017 or later),,,,,,,,,
us_citizen,23982,,,150000,40000,0,15000,,
not_us_citizen,,,,,,24000,36860,23733,14907
-> Texas,,,,,,,,,
us_citizen,26539,,14298,66634,51094,,93200,2665,-10001
not_us_citizen,,,0,,,,,,-10001
-> North American,,,,,,,,,
us_citizen,21146,0,65351,69872,69741,45283,56442,54139,8256
not_us_citizen,,,0,,60000,,94000,0,2349
-> Mixture,,,,,,,,,
us_citizen,23260,1591,35233,63920,57806,49572,48289,30610,14425
not_us_citizen,,0,11542,2530,36826,34887,35468,30215,16004
-> Uncodable entries,,,,,,,,,
us_citizen,26324,10720,29856,45856,41394,45035,38434,30459,18931
not_us_citizen,,269,1108,23890,17726,20751,30056,31726,21372
-> Other groups,,,,,,,,,
us_citizen,24399,14,6008,33673,67026,57867,52359,37707,30334
not_us_citizen,,,0,45000,97321,28208,33488,41351,29234
-> Other responses,,,,,,,,,
us_citizen,43907,17180,23805,42018,61484,68591,56393,56908,13977
not_us_citizen,,0,7411,7971,43081,34684,43729,50144,40354
-> Not reported,,,,,,,,,
us_citizen,18265,3847,14261,22037,30440,34817,36646,24350,6256
not_us_citizen,,6731,10138,16171,22567,29281,29848,29875,25361