ancestry,citizenship,us_born,pre_1950,1950_1959,1960_1969,1970_1979,1980_1989,1990_1999,2000_2009,post_2009
Alsatian,us_citizen,6248,0,68,23,11,0,0,11,0
Alsatian,not_us_citizen,0,0,0,0,0,6,0,0,0
Austrian,us_citizen,309398,3090,7461,5190,2367,1869,2217,1423,403
Austrian,not_us_citizen,0,56,581,699,678,1262,1964,2183,5034
Basque,us_citizen,37350,86,367,1283,682,430,555,435,51
Basque,not_us_citizen,0,0,12,155,182,86,177,391,611
Belgian,us_citizen,175979,1135,1730,1933,1233,2385,2026,1885,495
Belgian,not_us_citizen,0,113,221,624,444,1211,1078,2175,5016
Flemish,us_citizen,5303,44,140,160,210,105,108,21,10
Flemish,not_us_citizen,0,0,0,43,16,30,122,149,81
British,us_citizen,1098143,4671,12424,21428,17924,20936,23048,17795,5386
British,not_us_citizen,0,390,2477,5595,6630,10980,14894,22887,45320
British Isles,us_citizen,84839,116,388,240,242,232,343,169,50
British Isles,not_us_citizen,0,0,0,84,28,13,63,67,175
Danish,us_citizen,681550,1168,4314,4192,2905,2627,3405,2144,605
Danish,not_us_citizen,0,107,415,1158,923,1614,2498,2805,7394
Dutch,us_citizen,2061532,4049,18312,15909,8247,8805,9977,8114,3605
Dutch,not_us_citizen,0,218,1871,5136,3215,4464,7221,9405,18052
English,us_citizen,15044126,21871,49474,69787,50442,47431,48374,32517,15238
English,not_us_citizen,0,1235,5682,13482,14224,20462,26883,36497,48680
Finnish,us_citizen,408417,580,1490,2167,1733,1925,2544,1804,750
Finnish,not_us_citizen,0,15,167,510,663,746,1126,1609,5746
French,us_citizen,3996841,8002,16757,25546,19344,20710,24293,18486,7489
French,not_us_citizen,0,226,1502,3673,3024,5022,9470,18428,57134
German,us_citizen,28398380,29591,134744,130700,73746,64328,64714,44051,22158
German,not_us_citizen,0,725,9432,18715,13442,18629,29970,37385,65188
Prussian,us_citizen,31856,19,232,160,101,121,224,131,16
Prussian,not_us_citizen,0,0,0,20,0,0,0,38,75
Greek,us_citizen,815787,5204,16884,32762,31502,13082,10270,6670,3427
Greek,not_us_citizen,0,184,562,3186,4665,3194,3098,4224,11373
Icelander,us_citizen,26843,133,512,697,514,727,762,733,139
Icelander,not_us_citizen,0,0,108,239,100,214,274,608,1161
Irish,us_citizen,18941493,10680,37386,46194,32807,37577,37749,22624,12303
Irish,not_us_citizen,0,246,2222,4960,4614,8347,12041,14879,25811
Italian,us_citizen,11968991,21748,74761,92635,60359,40467,43674,38523,14849
Italian,not_us_citizen,0,694,4412,12362,15787,9316,14573,32374,66150
Sicilian,us_citizen,139831,311,957,958,672,305,245,170,63
Sicilian,not_us_citizen,0,0,25,84,534,66,50,31,114
Luxembourger,us_citizen,19724,18,99,271,82,77,18,26,6
Luxembourger,not_us_citizen,0,16,0,0,12,10,13,13,175
Maltese,us_citizen,21016,452,1592,544,459,407,223,241,108
Maltese,not_us_citizen,0,0,103,176,40,77,70,230,566
Norwegian,us_citizen,2781056,2413,5271,6916,4807,3838,3811,2547,1949
Norwegian,not_us_citizen,0,52,457,1660,950,1465,2496,3010,5627
Portuguese,us_citizen,723106,2312,8419,34212,43480,28322,17834,10707,3396
Portuguese,not_us_citizen,0,165,378,4804,10760,8810,8985,14042,25538
Scotch Irish,us_citizen,2180429,2013,4671,6679,4119,3075,3421,2385,1224
Scotch Irish,not_us_citizen,0,29,308,735,378,725,1077,1428,1440
Scottish,us_citizen,3173156,5474,14468,20283,14219,13468,15165,9041,2611
Scottish,not_us_citizen,0,214,2328,4288,4399,5759,7501,9408,13611
Swedish,us_citizen,2055816,1676,5001,5600,5493,5571,6507,4593,2406
Swedish,not_us_citizen,0,136,523,956,880,2169,2975,4218,12081
Swiss,us_citizen,502747,805,3059,4297,3258,3427,3835,2753,1077
Swiss,not_us_citizen,0,105,302,778,859,930,2454,2836,5691
Irish Scotch,us_citizen,1136871,815,1746,3202,2299,2556,2397,1183,855
Irish Scotch,not_us_citizen,0,98,149,385,286,423,750,790,2059
Welsh,us_citizen,842171,788,2155,3192,2380,2419,2615,1677,676
Welsh,not_us_citizen,0,27,177,447,638,826,1196,1595,2500
Scandinavian,us_citizen,573100,429,910,1380,1321,1478,1205,661,564
Scandinavian,not_us_citizen,0,0,116,203,181,234,490,290,699
Celtic,us_citizen,36334,75,412,306,375,504,323,11,28
Celtic,not_us_citizen,0,0,0,62,99,75,69,148,289
Albanian,us_citizen,67633,207,382,2282,3791,4127,32754,28480,5006
Albanian,not_us_citizen,0,5,19,164,431,1081,4229,8418,22388
Belorussian,us_citizen,12469,151,513,131,410,1445,10109,7965,1188
Belorussian,not_us_citizen,0,0,37,0,28,209,877,2709,7931
Bulgarian,us_citizen,24650,89,345,755,604,1296,17398,20117,3266
Bulgarian,not_us_citizen,0,0,18,57,62,25,1823,6667,10250
Croatian,us_citizen,213296,720,2747,6930,5579,2742,8658,3362,902
Croatian,not_us_citizen,0,0,158,195,455,531,1508,1638,2726
Czech,us_citizen,571887,1290,2839,4382,3182,5096,4391,2841,516
Czech,not_us_citizen,0,17,141,254,158,789,2657,3091,4102
Bohemian,us_citizen,135605,25,227,161,263,338,79,224,225
Bohemian,not_us_citizen,0,0,0,0,59,0,82,90,485
Czechoslovakian,us_citizen,180907,611,1004,898,856,817,479,305,271
Czechoslovakian,not_us_citizen,0,0,14,54,135,153,188,405,102
Estonian,us_citizen,13083,1108,1129,388,157,155,1002,520,49
Estonian,not_us_citizen,0,15,39,56,65,43,417,825,950
German Russian,us_citizen,20107,42,233,281,71,183,142,173,300
German Russian,not_us_citizen,0,0,0,0,0,12,84,89,0
Rom,us_citizen,10027,0,14,53,14,99,461,337,186
Rom,not_us_citizen,0,0,0,43,0,84,85,189,447
Hungarian,us_citizen,724678,3392,17102,8298,7232,8836,9799,7080,2882
Hungarian,not_us_citizen,0,22,520,670,761,1712,2517,4693,9734
Latvian,us_citizen,40455,2545,4544,781,573,579,2206,1469,766
Latvian,not_us_citizen,0,122,127,94,143,59,460,709,1958
Lithuanian,us_citizen,308041,3770,3935,1629,1194,1807,6452,6081,660
Lithuanian,not_us_citizen,0,81,260,151,29,263,1875,4225,4022
Macedonian,us_citizen,22005,29,199,1961,2791,1868,3791,2901,555
Macedonian,not_us_citizen,0,0,38,77,270,168,649,2069,3571
Montenegrin,us_citizen,4223,0,8,62,520,480,1836,694,91
Montenegrin,not_us_citizen,0,0,63,14,41,73,396,484,856
Polish,us_citizen,5436551,14059,28841,34466,30583,74953,95851,53507,7545
Polish,not_us_citizen,0,488,1714,3688,3812,10530,29395,43918,29035
Romanian,us_citizen,167908,848,1797,3338,6998,21142,42504,29901,3040
Romanian,not_us_citizen,0,17,185,231,405,1465,3516,12658,17676
Moldavian,us_citizen,5970,0,43,24,65,391,3993,5075,1042
Moldavian,not_us_citizen,0,0,0,16,0,0,238,3729,6069
Russian,us_citizen,1253386,4965,7837,7592,19126,29614,162352,111562,15044
Russian,not_us_citizen,0,131,514,813,1306,3380,16620,31659,68502
Serbian,us_citizen,88487,466,1738,4430,3719,3407,12702,9281,1778
Serbian,not_us_citizen,0,0,49,214,515,562,2209,4599,7879
Slovak,us_citizen,372287,1062,903,1946,1105,2139,4295,2630,467
Slovak,not_us_citizen,0,0,13,82,83,116,1298,1855,2287
Slovene,us_citizen,100722,403,976,850,336,591,458,511,79
Slovene,not_us_citizen,0,0,31,19,54,106,211,276,777
Turkestani,us_citizen,2410,0,12,34,22,84,1301,5115,765
Turkestani,not_us_citizen,0,0,0,44,22,124,145,1790,7296
Uzbeg,us_citizen,7482,0,37,183,269,851,3739,3708,838
Uzbeg,not_us_citizen,0,0,0,0,0,88,288,4644,16084
Georgia CIS,us_citizen,3312,32,28,94,137,311,3739,2668,632
Georgia CIS,not_us_citizen,0,0,0,0,94,47,812,1367,4221
Ukrainian,us_citizen,408097,5878,12586,5992,10692,15599,84779,60283,8224
Ukrainian,not_us_citizen,0,197,548,1454,755,1968,13702,26199,48938
Yugoslavian,us_citizen,62689,340,1647,1736,2145,2013,4455,1375,201
Yugoslavian,not_us_citizen,0,44,165,129,157,677,868,1055,531
Bosnian and Herzegovinian,us_citizen,26779,19,220,217,707,1041,50461,17955,1473
Bosnian and Herzegovinian,not_us_citizen,0,0,69,0,10,145,8384,5998,3613
Slavic,us_citizen,58177,177,617,593,646,911,2437,1606,290
Slavic,not_us_citizen,0,0,19,49,13,21,432,786,2791
Slavonian,us_citizen,3351,8,11,0,14,64,0,34,75
Slavonian,not_us_citizen,0,0,0,0,0,0,0,0,0
Central European,us_citizen,17024,18,128,157,65,112,113,70,45
Central European,not_us_citizen,0,0,13,11,21,21,79,32,31
Northern European,us_citizen,378785,215,1120,1702,1267,1157,849,695,380
Northern European,not_us_citizen,0,0,39,34,33,70,242,104,416
Southern European,us_citizen,12758,49,144,199,243,427,534,550,228
Southern European,not_us_citizen,0,0,0,0,0,25,159,93,747
Western European,us_citizen,513796,157,881,1547,1401,1092,1313,954,719
Western European,not_us_citizen,0,6,57,87,95,233,170,401,756
Eastern European,us_citizen,677043,949,2483,3014,3107,3836,6362,3395,1066
Eastern European,not_us_citizen,0,18,76,102,355,301,845,1155,2123
Germanic,us_citizen,43294,122,694,443,205,84,211,99,57
Germanic,not_us_citizen,0,0,17,30,4,53,189,151,242
European,us_citizen,4577653,3007,9918,15642,14037,15978,20936,16172,7921
European,not_us_citizen,0,77,228,1036,1181,2936,4994,7684,14535
Spaniard,us_citizen,321895,2172,6530,27146,24161,31260,29821,29822,13130
Spaniard,not_us_citizen,0,109,297,1986,3626,6485,12335,25257,41331
Mexican,us_citizen,13749811,19912,77946,221868,549754,721095,626845,371130,97425
Mexican,not_us_citizen,0,4566,22504,84476,330872,816977,1898539,2230289,801840
Mexican American,us_citizen,4013335,1728,4356,10018,23990,28023,29482,17629,9903
Mexican American,not_us_citizen,0,156,186,1161,4439,10090,22261,24466,10264
Mexicano,us_citizen,237844,337,1523,6431,17924,32409,31538,31926,12868
Mexicano,not_us_citizen,0,261,499,2481,9365,31140,83527,126702,51930
Chicano,us_citizen,52408,0,7,100,159,290,0,0,48
Chicano,not_us_citizen,0,0,0,0,13,32,0,180,51
Mexican American Indian,us_citizen,232589,78,379,843,1744,2188,1527,940,324
Mexican American Indian,not_us_citizen,0,0,154,165,520,1562,4307,4269,2455
Mexican State,us_citizen,251422,197,2183,5715,16919,22663,19395,11989,3677
Mexican State,not_us_citizen,0,86,378,2569,11532,30196,72577,89930,35383
Mexican Indian,us_citizen,52554,76,234,288,684,840,859,351,240
Mexican Indian,not_us_citizen,0,0,0,264,367,914,2033,1544,1074
Costa Rican,us_citizen,44754,75,939,3729,4875,6637,9484,6988,1850
Costa Rican,not_us_citizen,0,0,84,553,787,1294,5929,9980,7989
Guatemalan,us_citizen,438216,311,1269,7489,25731,58487,52788,49063,11404
Guatemalan,not_us_citizen,0,0,274,1463,7621,44344,105806,247345,182763
Honduran,us_citizen,269410,253,807,4886,11286,30972,34386,23359,7442
Honduran,not_us_citizen,0,13,134,1083,5042,19093,75921,161987,162897
Nicaraguan,us_citizen,123988,262,2155,4775,15728,56153,21936,16222,5204
Nicaraguan,not_us_citizen,0,52,327,733,2696,18770,15466,26907,21024
Panamanian,us_citizen,63956,462,2428,6850,9421,12654,13961,6010,2023
Panamanian,not_us_citizen,0,0,134,797,884,3147,3425,4430,3888
Salvadoran,us_citizen,718598,352,2112,9667,47646,147573,82609,51546,13882
Salvadoran,not_us_citizen,0,163,700,2468,14766,90494,173465,287628,202756
Central American,us_citizen,16804,9,195,682,1367,2755,1557,784,347
Central American,not_us_citizen,0,0,0,73,475,1345,1893,2874,2306
Argentinean,us_citizen,69347,86,1332,5983,7180,8200,10145,12636,1203
Argentinean,not_us_citizen,0,24,389,1123,1012,2312,5471,20426,10887
Bolivian,us_citizen,32371,112,277,1278,3667,7614,8271,7574,1552
Bolivian,not_us_citizen,0,0,41,60,693,1785,4360,10912,7836
Chilean,us_citizen,42829,155,925,3218,6326,8767,9203,5522,1819
Chilean,not_us_citizen,0,33,98,358,1647,2983,5854,7837,10308
Colombian,us_citizen,323622,437,3726,26878,44174,76097,94822,102241,18127
Colombian,not_us_citizen,0,40,840,3211,4039,16267,37878,69817,109631
Ecuadorian,us_citizen,211711,455,2124,15310,23239,32787,47281,35595,7876
Ecuadorian,not_us_citizen,0,33,541,2303,3430,10046,40215,69959,52262
Paraguayan,us_citizen,4746,0,70,284,709,1073,2331,1345,234
Paraguayan,not_us_citizen,0,0,0,74,152,307,736,1571,1463
Peruvian,us_citizen,180298,195,1776,8910,17891,46912,55838,54182,9339
Peruvian,not_us_citizen,0,40,463,979,2707,10120,26118,60208,41159
Uruguayan,us_citizen,12187,17,29,1258,1948,2304,1384,3133,328
Uruguayan,not_us_citizen,0,0,0,67,437,753,992,7009,1794
Venezuelan,us_citizen,62978,189,383,1499,3152,10069,22109,31040,10967
Venezuelan,not_us_citizen,0,0,0,318,1006,2856,9342,23930,123499
South American,us_citizen,14840,0,316,1351,1865,2481,2034,1707,556
South American,not_us_citizen,0,0,3,34,368,682,1335,1701,1370
Latin American,us_citizen,25151,105,203,746,1050,1584,1085,1070,770
Latin American,not_us_citizen,0,0,0,11,34,322,838,1284,1959
Latin,us_citizen,37013,279,509,1501,2724,3800,3560,3595,2914
Latin,not_us_citizen,0,0,0,138,302,1323,2264,3787,5691
Latino,us_citizen,200449,476,1674,4169,9318,16199,15651,15204,6416
Latino,not_us_citizen,0,0,203,532,1595,5605,14050,23914,19613
Puerto Rican,us_citizen,2441595,27728,95083,130091,123112,178108,182295,242325,317563
Puerto Rican,not_us_citizen,0,0,69,50,119,136,746,937,895
Cuban,us_citizen,726569,3383,19576,132485,62683,80586,115534,140680,36436
Cuban,not_us_citizen,0,137,1465,10001,8055,27251,48645,116378,240146
Dominican,us_citizen,684645,978,3782,34678,58440,120607,163978,128158,51538
Dominican,not_us_citizen,0,240,880,4831,10892,33609,68106,114252,214144
Hispanic,us_citizen,2523526,3802,14781,35278,61555,102477,94807,73761,29306
Hispanic,not_us_citizen,0,527,859,5473,18885,50702,115230,145691,81629
Spanish,us_citizen,1261024,6089,19352,53306,47903,65396,66018,57154,28918
Spanish,not_us_citizen,0,182,710,3724,6597,19283,51226,80548,84371
Spanish American,us_citizen,54274,141,140,309,763,440,465,573,291
Spanish American,not_us_citizen,0,0,0,19,18,11,105,172,111
Bahamian,us_citizen,21038,11,376,377,1773,2344,2791,1691,311
Bahamian,not_us_citizen,0,0,0,124,616,1128,1937,2049,5422
Barbadian,us_citizen,19872,125,513,3633,7424,6205,4471,2207,573
Barbadian,not_us_citizen,0,0,28,489,982,1822,1486,984,1230
Belizean,us_citizen,23080,19,297,1639,3721,4762,2927,2108,617
Belizean,not_us_citizen,0,0,93,432,974,1777,1785,3151,2707
Jamaican,us_citizen,365577,950,4043,31483,69873,115268,103094,86556,22325
Jamaican,not_us_citizen,0,138,451,3976,11168,23419,31916,51877,87597
Dutch West Indian,us_citizen,15605,0,50,225,147,108,377,89,179
Dutch West Indian,not_us_citizen,0,0,8,0,70,145,31,306,540
Trinidadian Tobagonian,us_citizen,64376,290,774,8003,15754,21608,23683,14431,2775
Trinidadian Tobagonian,not_us_citizen,0,0,20,763,3054,5441,8730,12085,6964
British West Indian,us_citizen,5601,27,57,855,1567,2429,2315,1934,553
British West Indian,not_us_citizen,0,0,19,81,210,563,463,701,1392
Antigua and Barbuda,us_citizen,6320,0,13,603,1511,2536,1448,1102,379
Antigua and Barbuda,not_us_citizen,0,0,0,105,155,502,800,623,756
Grenadian,us_citizen,7455,117,218,905,2745,4913,3535,1760,545
Grenadian,not_us_citizen,0,0,43,22,306,834,1268,1457,1441
Vincent-Grenadine Islander,us_citizen,2688,0,68,417,1441,2073,1286,746,133
Vincent-Grenadine Islander,not_us_citizen,0,0,0,0,149,621,831,813,978
St Lucia Islander,us_citizen,3479,6,0,252,667,1521,1826,1913,250
St Lucia Islander,not_us_citizen,0,0,0,0,77,475,919,1369,1473
West Indian,us_citizen,92973,622,1804,6645,14293,21353,17737,10949,5020
West Indian,not_us_citizen,0,48,20,783,2027,3911,6985,6821,6185
Haitian,us_citizen,385843,238,1089,15145,40637,88246,93479,94003,24557
Haitian,not_us_citizen,0,157,192,2299,7975,21428,36456,72264,102929
Other West Indian,us_citizen,8653,59,304,673,1113,2505,2504,2278,3549
Other West Indian,not_us_citizen,0,0,45,182,245,149,506,450,1439
Brazilian,us_citizen,115615,52,830,2734,4399,17038,31212,31588,7860
Brazilian,not_us_citizen,0,6,256,1085,1123,5717,21460,57672,99948
Guyanese,us_citizen,61864,130,374,4310,13702,36216,30821,24668,4402
Guyanese,not_us_citizen,0,7,24,303,1317,3372,6196,11904,13438
Algerian,us_citizen,5585,0,48,24,292,737,2361,2470,762
Algerian,not_us_citizen,0,0,41,26,26,43,603,515,5023
Egyptian,us_citizen,79610,465,1044,5293,11629,15164,26718,34373,11817
Egyptian,not_us_citizen,0,0,22,302,173,1306,2822,9351,44022
Libyan (2017 or later),us_citizen,1632,0,57,0,355,188,170,32,296
Libyan (2017 or later),not_us_citizen,0,0,0,0,0,0,92,504,1352
Moroccan,us_citizen,42159,57,216,1404,1406,3664,8867,16937,3842
Moroccan,not_us_citizen,0,41,33,0,154,744,1921,4509,14258
North African,us_citizen,4872,0,13,105,354,865,2000,2259,688
North African,not_us_citizen,0,0,0,0,0,66,161,357,2098
Iranian,us_citizen,124753,494,2647,8406,59393,52459,38784,46159,11393
Iranian,not_us_citizen,0,81,160,622,2671,2479,4227,12427,57237
Iraqi,us_citizen,29670,272,649,835,3341,3088,10354,20301,11353
Iraqi,not_us_citizen,0,24,50,66,249,89,1351,5424,47199
Israeli,us_citizen,51397,134,1397,3048,6266,9994,7614,8245,2693
Israeli,not_us_citizen,0,0,0,113,530,744,1905,5350,12339
Jordanian,us_citizen,27188,109,146,868,3372,4990,7550,7432,3305
Jordanian,not_us_citizen,0,0,0,0,264,484,1014,3148,14070
Kuwaiti (2017 or later),us_citizen,879,0,0,23,11,15,325,249,9
Kuwaiti (2017 or later),not_us_citizen,0,0,0,0,33,0,25,76,2608
Lebanese,us_citizen,246477,700,1857,5164,16529,21610,16787,16804,4804
Lebanese,not_us_citizen,0,17,43,101,594,1259,1949,5430,13335
Saudi Arabian,us_citizen,4990,0,0,0,121,87,456,506,350
Saudi Arabian,not_us_citizen,0,0,0,25,0,34,386,1008,30996
Syrian,us_citizen,70572,176,456,1445,3067,7023,8543,7923,3354
Syrian,not_us_citizen,0,41,12,64,137,409,996,2293,23873
Armenian,us_citizen,198277,1297,3293,6646,21104,34381,40996,35481,6625
Armenian,not_us_citizen,0,69,162,417,823,2255,5443,10701,22030
Turkish,us_citizen,62328,204,774,3986,5894,7597,16745,21921,4060
Turkish,not_us_citizen,0,36,33,154,671,1121,4725,13365,34290
Yemeni,us_citizen,21648,13,169,425,1564,2343,4814,7216,5226
Yemeni,not_us_citizen,0,0,0,97,73,288,1008,2185,9054
Kurdish,us_citizen,7958,0,51,53,548,382,4697,2197,1112
Kurdish,not_us_citizen,0,0,0,0,46,18,205,590,4969
Palestinian,us_citizen,60341,66,995,2871,5038,8611,8529,7042,3145
Palestinian,not_us_citizen,0,0,26,243,434,356,1265,3195,7512
Assyrian,us_citizen,15078,137,216,965,4317,3897,4036,3978,914
Assyrian,not_us_citizen,0,0,0,0,166,231,610,662,2149
Chaldean,us_citizen,21436,41,160,846,2535,2767,6010,7422,2117
Chaldean,not_us_citizen,0,0,2,10,28,178,503,2097,6031
Mideast,us_citizen,71698,67,490,1803,6134,7525,13465,13144,6196
Mideast,not_us_citizen,0,0,92,106,213,716,1296,3953,20070
Arab,us_citizen,39193,56,342,1381,4049,4937,8564,9999,3523
Arab,not_us_citizen,0,33,0,228,96,730,1272,4466,24965
Arabic,us_citizen,62176,58,283,1891,4091,6671,10530,14802,7448
Arabic,not_us_citizen,0,0,44,125,393,781,1751,4674,34169
Other Arab,us_citizen,6789,0,49,117,534,1076,1822,2820,769
Other Arab,not_us_citizen,0,0,0,32,26,76,338,1371,9618
Cameroonian,us_citizen,12547,0,30,0,170,1050,2210,7151,1998
Cameroonian,not_us_citizen,0,0,0,0,74,230,293,4242,11574
Cape Verdean,us_citizen,58827,179,406,1389,3010,6041,5327,7488,2140
Cape Verdean,not_us_citizen,0,0,0,17,555,1145,1898,3505,6402
Congolese,us_citizen,9743,0,0,0,111,478,1646,4352,2337
Congolese,not_us_citizen,0,0,0,0,36,148,799,3461,23931
Ethiopian,us_citizen,66927,3,156,304,3196,11061,26764,50825,17396
Ethiopian,not_us_citizen,0,0,35,29,420,1255,4016,17317,44476
Eritrean,us_citizen,13961,0,30,49,489,3997,4441,5792,2013
Eritrean,not_us_citizen,0,0,0,16,21,371,799,2707,11809
Gambian (2017 or later),us_citizen,3113,0,0,9,111,304,400,1016,803
Gambian (2017 or later),not_us_citizen,0,0,0,0,0,59,170,875,1159
Ghanaian,us_citizen,40521,0,66,433,2998,6847,14514,20505,6888
Ghanaian,not_us_citizen,0,0,31,90,725,1051,4035,10857,22257
Guinean (2017 or later),us_citizen,1255,0,0,0,0,200,490,893,378
Guinean (2017 or later),not_us_citizen,0,0,0,17,0,53,77,648,1023
Kenyan,us_citizen,18853,0,0,10,545,1395,6349,17721,3271
Kenyan,not_us_citizen,0,0,0,94,198,642,3072,10750,17517
Liberian,us_citizen,20678,0,170,270,1201,3434,8568,13183,1674
Liberian,not_us_citizen,0,0,0,6,239,1393,2736,8230,10714
Nigerian,us_citizen,140584,0,192,842,8930,20502,40108,55400,16714
Nigerian,not_us_citizen,0,0,89,189,1141,2996,5427,20473,81540
Senegalese,us_citizen,5668,0,0,0,63,469,1387,1694,376
Senegalese,not_us_citizen,0,0,0,14,55,439,1078,2562,2585
Sierra Leonean,us_citizen,6203,0,14,86,633,1226,2389,4047,233
Sierra Leonean,not_us_citizen,0,0,0,0,56,321,719,1348,4030
Somali,us_citizen,59714,72,0,13,254,1368,18094,32334,8329
Somali,not_us_citizen,0,0,206,0,24,158,1791,6629,29674
South African,us_citizen,13951,86,119,688,1985,3338,7565,6546,714
South African,not_us_citizen,0,0,0,0,83,630,1897,5015,9845
Sudanese,us_citizen,20329,0,0,73,475,894,5531,14322,2471
Sudanese,not_us_citizen,0,0,0,0,55,170,1329,4085,11615
Togo (2017 or later),us_citizen,1908,0,0,0,0,30,577,1776,369
Togo (2017 or later),not_us_citizen,0,0,0,0,0,41,187,621,1575
Other Subsaharan African,us_citizen,30443,0,0,179,747,2317,7359,13727,3407
Other Subsaharan African,not_us_citizen,0,0,21,25,465,690,4030,11733,22870
Ugandan,us_citizen,3594,0,0,25,277,594,778,2969,1778
Ugandan,not_us_citizen,0,0,0,0,83,377,606,1268,4360
Zimbabwean (2017 or later),us_citizen,887,0,0,10,8,125,649,675,112
Zimbabwean (2017 or later),not_us_citizen,0,0,0,0,8,8,250,495,1206
Western African,us_citizen,17566,123,0,201,215,999,1846,3902,774
Western African,not_us_citizen,0,0,0,23,100,380,815,3152,4619
African,us_citizen,1355508,107,1145,6179,18496,37979,67914,108489,33562
African,not_us_citizen,0,54,158,692,3163,6680,24292,63400,142457
Afghan,us_citizen,32929,72,182,234,2264,14830,9023,11553,3508
Afghan,not_us_citizen,0,0,0,16,226,1181,814,3183,42335
Bangladeshi,us_citizen,45949,30,14,257,2059,9717,29252,31541,10296
Bangladeshi,not_us_citizen,0,0,7,0,314,806,4638,9764,42572
Bhutanese,us_citizen,3849,0,0,0,0,122,166,4734,3375
Bhutanese,not_us_citizen,0,0,0,0,0,0,89,4259,15823
Nepali,us_citizen,23139,0,0,81,463,1026,4977,23759,7681
Nepali,not_us_citizen,0,16,0,65,67,441,2356,21352,69166
Asian Indian,us_citizen,879639,613,3130,36854,134589,224018,380124,288313,45885
Asian Indian,not_us_citizen,0,89,193,1639,8189,19648,61366,364457,827698
Bengali,us_citizen,14511,0,0,186,934,2669,9614,8829,1585
Bengali,not_us_citizen,0,0,0,32,70,178,1186,2201,6377
East Indian,us_citizen,24715,67,403,2668,5933,9736,9263,6993,1241
East Indian,not_us_citizen,0,0,0,173,303,814,2132,4863,5928
Punjabi,us_citizen,11396,0,0,446,1264,2905,6306,4913,691
Punjabi,not_us_citizen,0,0,0,41,99,586,970,1925,4260
Pakistani,us_citizen,150923,85,281,1996,14028,33865,65126,67964,16762
Pakistani,not_us_citizen,0,0,0,109,651,2906,9399,24736,65475
Sri Lankan,us_citizen,11472,0,10,272,2291,4721,6276,6346,838
Sri Lankan,not_us_citizen,0,0,0,35,120,528,1827,6193,10978
Burmese,us_citizen,32640,9,77,278,1249,2677,7183,22072,6387
Burmese,not_us_citizen,0,0,0,1,100,316,1426,25454,63985
Cambodian,us_citizen,116859,26,103,801,9974,57733,11800,15746,3864
Cambodian,not_us_citizen,0,0,120,56,1134,12596,2587,4776,10168
Chinese,us_citizen,1235661,8083,19771,76266,194121,374574,407700,291534,62153
Chinese,not_us_citizen,0,562,653,2631,7434,29499,110878,294223,654700
Cantonese,us_citizen,4384,42,222,751,1420,2495,1465,1116,145
Cantonese,not_us_citizen,0,30,0,25,56,138,280,478,1263
Mongolian,us_citizen,5867,0,113,20,227,414,788,2562,331
Mongolian,not_us_citizen,0,0,0,25,86,129,992,4988,4941
Tibetan,us_citizen,3150,0,0,81,147,290,2839,4925,818
Tibetan,not_us_citizen,0,0,0,0,0,75,370,1682,2499
Hong Kong (2017 or later),us_citizen,2170,0,21,191,414,1435,2044,815,157
Hong Kong (2017 or later),not_us_citizen,0,0,0,0,0,114,224,354,1272
Filipino,us_citizen,1114397,3155,13840,74572,203572,302451,297999,294368,62634
Filipino,not_us_citizen,0,163,592,2887,11044,33342,56758,140387,226154
Indonesian,us_citizen,24534,0,375,1222,1505,4033,7743,6010,1164
Indonesian,not_us_citizen,0,0,96,408,492,1786,5238,10068,10583
Japanese,us_citizen,672969,1798,22416,26308,26535,19012,18499,13269,7430
Japanese,not_us_citizen,0,116,1541,4513,10644,17269,34883,42863,95057
Okinawan,us_citizen,10759,30,365,753,827,122,347,84,34
Okinawan,not_us_citizen,0,0,11,69,180,68,96,68,211
Korean,us_citizen,506626,354,4974,28788,159471,205791,134107,90745,19173
Korean,not_us_citizen,0,113,281,1311,9395,28141,50156,129240,133059
Laotian,us_citizen,90296,23,54,309,15087,46898,9908,5209,1376
Laotian,not_us_citizen,0,0,0,208,2313,12495,3719,4114,2876
Hmong,us_citizen,154883,15,58,320,12227,24629,16757,11217,1470
Hmong,not_us_citizen,0,0,0,23,1638,4270,4133,3349,1679
Malaysian,us_citizen,6188,0,87,379,1011,2360,2429,1728,408
Malaysian,not_us_citizen,0,0,0,105,155,1091,1855,2636,8662
Thai,us_citizen,72515,46,296,4750,25899,16067,15560,19830,6313
Thai,not_us_citizen,0,17,27,429,2986,3958,4322,17552,29898
Taiwanese,us_citizen,101622,92,458,8180,27135,54215,39008,24397,5706
Taiwanese,not_us_citizen,0,15,0,79,643,2533,5090,16588,32268
Vietnamese,us_citizen,534494,318,717,5682,139619,197116,278628,142538,35935
Vietnamese,not_us_citizen,0,96,171,600,7464,15875,31996,53070,137338
Eurasian (2016 or earlier),us_citizen,3161,21,68,223,148,168,90,29,43
Eurasian (2016 or earlier),not_us_citizen,0,0,0,0,35,8,38,80,39
Asian,us_citizen,276335,471,1434,8701,30275,53626,70606,77590,19807
Asian,not_us_citizen,0,13,45,431,2343,5872,14452,48544,121791
Other Asian,us_citizen,9338,17,236,428,831,1976,2506,1743,906
Other Asian,not_us_citizen,0,0,0,0,131,593,770,2053,4035
Australian,us_citizen,29938,631,486,869,1550,1663,2767,3417,1893
Australian,not_us_citizen,0,110,11,366,720,1101,2389,5718,15990
New Zealander,us_citizen,5127,56,109,329,366,727,1146,829,360
New Zealander,not_us_citizen,0,0,24,62,263,589,981,773,3130
Polynesian,us_citizen,8558,0,18,371,687,319,409,1146,260
Polynesian,not_us_citizen,0,0,0,0,60,266,222,299,314
Hawaiian,us_citizen,347015,0,163,731,702,413,506,669,181
Hawaiian,not_us_citizen,0,0,0,0,9,0,0,94,75
Samoan,us_citizen,76434,174,575,2337,4713,4101,5262,6282,3843
Samoan,not_us_citizen,0,0,7,428,916,1368,1078,1723,2198
Tongan,us_citizen,26186,0,82,324,1984,2731,1338,1772,611
Tongan,not_us_citizen,0,0,22,74,942,1219,2387,1332,1408
Micronesian,us_citizen,10053,0,4,63,61,120,812,1583,1299
Micronesian,not_us_citizen,0,0,0,0,183,595,3076,8625,5252
Guamanian,us_citizen,22573,146,713,1791,2683,3043,3940,4441,2743
Guamanian,not_us_citizen,0,0,0,58,0,0,58,158,145
Chamorro,us_citizen,12001,55,328,1345,1858,1991,2472,5898,4716
Chamorro,not_us_citizen,0,0,0,0,0,23,0,31,7
Palauan (2017 or later),us_citizen,1634,0,0,29,216,247,378,345,197
Palauan (2017 or later),not_us_citizen,0,0,0,11,294,188,122,793,938
Marshallese,us_citizen,10253,0,0,29,12,25,925,970,803
Marshallese,not_us_citizen,0,0,0,73,73,580,3033,5440,8469
Fijian,us_citizen,8083,4,25,368,1525,3133,3488,4125,612
Fijian,not_us_citizen,0,0,0,0,152,474,1365,1915,3848
Pacific Islander,us_citizen,33643,71,87,618,2055,1959,2451,2404,1735
Pacific Islander,not_us_citizen,0,0,0,73,171,682,617,1585,1499
Other Pacific,us_citizen,7360,24,65,81,240,474,634,1746,1244
Other Pacific,not_us_citizen,0,0,56,14,132,402,917,3263,2750
Afro American,us_citizen,380475,23,68,219,688,1631,1007,976,456
Afro American,not_us_citizen,0,0,0,43,90,267,206,246,376
Afro,us_citizen,13573,11,158,366,813,1129,1495,1303,276
Afro,not_us_citizen,0,0,0,60,206,209,363,598,808
African American,us_citizen,24516488,889,5574,18684,30083,52829,67036,70372,31173
African American,not_us_citizen,0,9,248,680,2525,4724,9795,21546,43114
Black,us_citizen,3367278,173,1648,6191,11673,19506,17538,16920,7811
Black,not_us_citizen,0,22,47,249,1533,2360,4548,7071,16620
Negro,us_citizen,25411,53,12,48,144,163,105,25,21
Negro,not_us_citizen,0,0,0,6,31,0,34,80,189
Creole,us_citizen,39338,0,0,122,88,275,148,126,87
Creole,not_us_citizen,0,0,0,20,11,65,0,330,130
Central American Indian,us_citizen,10507,0,214,617,1183,2496,2549,4379,122
Central American Indian,not_us_citizen,0,0,0,35,305,1056,2027,3288,3687
South American Indian,us_citizen,3130,23,49,435,454,1483,1014,1235,202
South American Indian,not_us_citizen,0,0,6,33,38,228,291,1023,1993
Native American,us_citizen,1919525,385,1548,2688,3160,3283,2993,2551,1068
Native American,not_us_citizen,0,70,81,133,215,502,597,1258,1225
Indian,us_citizen,645354,43,99,275,598,487,440,539,304
Indian,not_us_citizen,0,25,0,21,40,90,262,681,547
Cherokee,us_citizen,657470,4,323,780,521,657,239,261,477
Cherokee,not_us_citizen,0,0,0,0,20,24,0,0,0
American Indian,us_citizen,2412638,260,1178,1916,2024,2339,1508,2306,798
American Indian,not_us_citizen,0,25,123,231,257,529,814,909,1123
Aleut (2016 or earlier),us_citizen,3372,0,0,0,0,0,0,0,0
Aleut (2016 or earlier),not_us_citizen,0,0,0,0,0,0,0,0,0
Eskimo,us_citizen,53075,0,0,10,0,45,53,0,56
Eskimo,not_us_citizen,0,0,0,0,0,29,0,7,24
White,us_citizen,10803377,3189,11878,20704,23350,25145,30717,26888,14092
White,not_us_citizen,0,131,798,2195,1779,3455,7926,11507,25995
Anglo,us_citizen,347934,555,1404,1845,1600,1427,1235,1157,891
Anglo,not_us_citizen,0,35,94,238,473,501,920,847,1130
Appalachian,us_citizen,18136,0,21,0,11,0,0,0,40
Appalachian,not_us_citizen,0,0,0,0,0,0,0,5,0
Pennsylvania German,us_citizen,244811,0,66,201,234,267,99,121,50
Pennsylvania German,not_us_citizen,0,0,0,11,27,95,151,579,62
Canadian,us_citizen,263530,5308,11717,14052,9962,10387,18801,11852,3969
Canadian,not_us_citizen,0,871,3914,7493,5345,8070,15130,22942,42062
French Canadian,us_citizen,1384223,3938,9406,12534,6413,5720,8301,4285,1579
French Canadian,not_us_citizen,0,328,2235,5555,2091,2913,4230,6632,13098
Acadian (2017 or later),us_citizen,4039,0,30,66,81,29,0,0,0
Acadian (2017 or later),not_us_citizen,0,0,0,24,0,10,0,77,139
Cajun,us_citizen,82821,0,30,161,121,79,0,7,0
Cajun,not_us_citizen,0,0,0,0,0,0,0,15,16
American,us_citizen,17073566,4494,15711,25364,21703,20425,22490,21465,17897
American,not_us_citizen,0,54,243,302,514,962,944,1886,2315
United States,us_citizen,709156,302,1083,1030,1245,1348,1775,2086,1500
United States,not_us_citizen,0,26,12,0,53,376,402,331,1030
New Mexico (2017 or later),us_citizen,3414,0,0,16,43,55,41,0,0
New Mexico (2017 or later),not_us_citizen,0,0,0,0,0,25,43,81,75
Texas,us_citizen,59489,0,47,41,32,0,40,65,21
Texas,not_us_citizen,0,0,11,0,0,0,0,0,31
North American,us_citizen,25027,52,46,103,58,152,156,43,117
North American,not_us_citizen,0,0,4,0,15,0,19,17,149
Mixture,us_citizen,1036623,319,1375,2309,2481,3743,4419,4015,2255
Mixture,not_us_citizen,0,30,40,80,66,753,1287,2861,4594
Uncodable entries,us_citizen,4884560,1275,4853,11491,14529,19801,23636,19963,8921
Uncodable entries,not_us_citizen,0,143,325,853,1666,3439,7120,14372,23933
Other groups,us_citizen,27085,94,598,825,2287,2243,5069,5182,634
Other groups,not_us_citizen,0,0,43,61,84,234,356,2121,5798
Other responses,us_citizen,913190,5467,7907,8887,17050,26714,63756,17244,4835
Other responses,not_us_citizen,0,82,248,436,887,1605,3593,7191,12694
Not reported,us_citizen,48014968,30786,102066,222743,367100,568255,704954,738812,540818
Not reported,not_us_citizen,0,2199,9865,26662,56060,144783,321982,511745,664869